t,event,seq,cwnd,srtt_ms,rto_ms,bytes_acked,info
0.633905,BUFFER,0,,,,0,held=1
0.633933,DELIVER,0,,,,1024,
0.634052,BUFFER,1,,,,1024,held=1
0.634057,DELIVER,1,,,,2048,
0.634345,BUFFER,2,,,,2048,held=1
0.634351,DELIVER,2,,,,3072,
0.634436,BUFFER,3,,,,3072,held=1
0.634438,DELIVER,3,,,,4096,
0.688392,BUFFER,4,,,,4096,held=1
0.688404,DELIVER,4,,,,5120,
0.688519,BUFFER,5,,,,5120,held=1
0.688523,DELIVER,5,,,,6144,
0.688630,BUFFER,6,,,,6144,held=1
0.688633,DELIVER,6,,,,7168,
0.688733,BUFFER,7,,,,7168,held=1
0.688735,DELIVER,7,,,,8192,
0.740097,BUFFER,8,,,,8192,held=1
0.740107,DELIVER,8,,,,9216,
0.742135,BUFFER,9,,,,9216,held=1
0.742141,DELIVER,9,,,,10240,
0.742239,BUFFER,10,,,,10240,held=1
0.742242,DELIVER,10,,,,11264,
0.743430,BUFFER,11,,,,11264,held=1
0.743436,DELIVER,11,,,,12288,
0.743532,BUFFER,12,,,,12288,held=1
0.743534,DELIVER,12,,,,13312,
0.805899,BUFFER,13,,,,13312,held=1
0.805924,DELIVER,13,,,,14336,
0.806217,BUFFER,14,,,,14336,held=1
0.806228,DELIVER,14,,,,15360,
0.806536,BUFFER,15,,,,15360,held=1
0.806546,DELIVER,15,,,,16384,
0.808823,BUFFER,16,,,,16384,held=1
0.808850,DELIVER,16,,,,17408,
0.809093,BUFFER,17,,,,17408,held=1
0.809101,DELIVER,17,,,,18432,
0.809301,BUFFER,18,,,,18432,held=1
0.809308,DELIVER,18,,,,19456,
0.868732,BUFFER,19,,,,19456,held=1
0.868743,DELIVER,19,,,,20480,
0.868821,BUFFER,20,,,,20480,held=1
0.868823,DELIVER,20,,,,21504,
0.868895,BUFFER,21,,,,21504,held=1
0.868897,DELIVER,21,,,,22528,
0.868968,BUFFER,22,,,,22528,held=1
0.868970,DELIVER,22,,,,23552,
0.869040,BUFFER,23,,,,23552,held=1
0.869042,DELIVER,23,,,,24576,
0.869111,BUFFER,24,,,,24576,held=1
0.869113,DELIVER,24,,,,25600,
0.869184,BUFFER,25,,,,25600,held=1
0.869185,DELIVER,25,,,,26624,
0.917024,BUFFER,26,,,,26624,held=1
0.917044,DELIVER,26,,,,27648,
0.919232,BUFFER,27,,,,27648,held=1
0.919251,DELIVER,27,,,,28672,
0.920493,BUFFER,28,,,,28672,held=1
0.920508,DELIVER,28,,,,29696,
0.920769,BUFFER,29,,,,29696,held=1
0.920780,DELIVER,29,,,,30720,
0.921057,BUFFER,30,,,,30720,held=1
0.921073,DELIVER,30,,,,31744,
0.921572,BUFFER,31,,,,31744,held=1
0.921583,DELIVER,31,,,,32768,
0.921848,BUFFER,32,,,,32768,held=1
0.921864,DELIVER,32,,,,33792,
0.922098,BUFFER,33,,,,33792,held=1
0.922109,DELIVER,33,,,,34816,
0.967547,BUFFER,34,,,,34816,held=1
0.967615,DELIVER,34,,,,35840,
0.968639,BUFFER,35,,,,35840,held=1
0.968653,DELIVER,35,,,,36864,
0.968998,BUFFER,36,,,,36864,held=1
0.969007,DELIVER,36,,,,37888,
0.969215,BUFFER,37,,,,37888,held=1
0.969221,DELIVER,37,,,,38912,
0.971250,BUFFER,38,,,,38912,held=1
0.971261,DELIVER,38,,,,39936,
0.971343,BUFFER,39,,,,39936,held=1
0.971345,DELIVER,39,,,,40960,
0.971461,BUFFER,40,,,,40960,held=1
0.971467,DELIVER,40,,,,41984,
0.972094,BUFFER,41,,,,41984,held=1
0.972100,DELIVER,41,,,,43008,
0.972181,BUFFER,42,,,,43008,held=1
0.972184,DELIVER,42,,,,44032,
1.009013,BUFFER,43,,,,44032,held=1
1.009038,DELIVER,43,,,,45056,
1.014343,BUFFER,44,,,,45056,held=1
1.014366,DELIVER,44,,,,46080,
1.021829,BUFFER,45,,,,46080,held=1
1.021844,DELIVER,45,,,,47104,
1.021967,BUFFER,46,,,,47104,held=1
1.021972,DELIVER,46,,,,48128,
1.022053,BUFFER,47,,,,48128,held=1
1.022056,DELIVER,47,,,,49152,
1.022129,BUFFER,48,,,,49152,held=1
1.022134,DELIVER,48,,,,50176,
1.022206,BUFFER,49,,,,50176,held=1
1.022208,DELIVER,49,,,,51200,
1.022279,BUFFER,50,,,,51200,held=1
1.022281,DELIVER,50,,,,52224,
1.022359,BUFFER,51,,,,52224,held=1
1.022361,DELIVER,51,,,,53248,
1.022459,BUFFER,52,,,,53248,held=1
1.022462,DELIVER,52,,,,54272,
1.053330,BUFFER,53,,,,54272,held=1
1.053348,DELIVER,53,,,,55296,
1.063553,BUFFER,54,,,,55296,held=1
1.063564,DELIVER,54,,,,56320,
1.067736,BUFFER,55,,,,56320,held=1
1.067752,DELIVER,55,,,,57344,
1.074234,BUFFER,56,,,,57344,held=1
1.074250,DELIVER,56,,,,58368,
1.076536,BUFFER,57,,,,58368,held=1
1.076552,DELIVER,57,,,,59392,
1.076881,BUFFER,58,,,,59392,held=1
1.076897,DELIVER,58,,,,60416,
1.077182,BUFFER,59,,,,60416,held=1
1.077196,DELIVER,59,,,,61440,
1.077474,BUFFER,60,,,,61440,held=1
1.077484,DELIVER,60,,,,62464,
1.077744,BUFFER,61,,,,62464,held=1
1.077753,DELIVER,61,,,,63488,
1.078059,BUFFER,62,,,,63488,held=1
1.078069,DELIVER,62,,,,64512,
1.078365,BUFFER,63,,,,64512,held=1
1.078377,DELIVER,63,,,,65536,
1.091964,BUFFER,64,,,,65536,held=1
1.091997,DELIVER,64,,,,66560,
1.117683,BUFFER,65,,,,66560,held=1
1.117706,DELIVER,65,,,,67584,
1.117997,BUFFER,66,,,,67584,held=1
1.118006,DELIVER,66,,,,68608,
1.118272,BUFFER,67,,,,68608,held=1
1.118279,DELIVER,67,,,,69632,
1.126574,BUFFER,68,,,,69632,held=1
1.126595,DELIVER,68,,,,70656,
1.130321,BUFFER,69,,,,70656,held=1
1.130341,DELIVER,69,,,,71680,
1.130601,BUFFER,70,,,,71680,held=1
1.130609,DELIVER,70,,,,72704,
1.130995,BUFFER,71,,,,72704,held=1
1.131008,DELIVER,71,,,,73728,
1.131262,BUFFER,72,,,,73728,held=1
1.131275,DELIVER,72,,,,74752,
1.131544,BUFFER,73,,,,74752,held=1
1.131554,DELIVER,73,,,,75776,
1.131833,BUFFER,74,,,,75776,held=1
1.131845,DELIVER,74,,,,76800,
1.132074,BUFFER,75,,,,76800,held=1
1.132083,DELIVER,75,,,,77824,
1.144952,BUFFER,76,,,,77824,held=1
1.144961,DELIVER,76,,,,78848,
1.163774,BUFFER,77,,,,78848,held=1
1.163797,DELIVER,77,,,,79872,
1.172378,BUFFER,78,,,,79872,held=1
1.172393,DELIVER,78,,,,80896,
1.172620,BUFFER,79,,,,80896,held=1
1.172627,DELIVER,79,,,,81920,
1.172856,BUFFER,80,,,,81920,held=1
1.172873,DELIVER,80,,,,82944,
1.173094,BUFFER,81,,,,82944,held=1
1.173101,DELIVER,81,,,,83968,
1.173710,BUFFER,82,,,,83968,held=1
1.173718,DELIVER,82,,,,84992,
1.182344,BUFFER,83,,,,84992,held=1
1.182355,DELIVER,83,,,,86016,
1.182443,BUFFER,85,,,,86016,held=1
1.182455,NAK,84,,,,86016,
1.182531,BUFFER,86,,,,86016,held=2
1.182608,BUFFER,87,,,,86016,held=3
1.182683,BUFFER,88,,,,86016,held=4
1.198679,BUFFER,89,,,,86016,held=5
1.210387,BUFFER,90,,,,86016,held=6
1.218341,BUFFER,91,,,,86016,held=7
1.220639,BUFFER,92,,,,86016,held=8
1.225565,BUFFER,93,,,,86016,held=9
1.227227,BUFFER,94,,,,86016,held=10
1.227547,BUFFER,95,,,,86016,held=11
1.230742,BUFFER,96,,,,86016,held=12
1.230857,BUFFER,97,,,,86016,held=13
1.232612,BUFFER,84,,,,86016,held=14
1.232618,DELIVER,84,,,,87040,
1.232620,DELIVER,85,,,,88064,
1.232622,DELIVER,86,,,,89088,
1.232624,DELIVER,87,,,,90112,
1.232626,DELIVER,88,,,,91136,
1.232627,DELIVER,89,,,,92160,
1.232629,DELIVER,90,,,,93184,
1.232631,DELIVER,91,,,,94208,
1.232632,DELIVER,92,,,,95232,
1.232634,DELIVER,93,,,,96256,
1.232636,DELIVER,94,,,,97280,
1.232638,DELIVER,95,,,,98304,
1.232642,DELIVER,96,,,,99328,
1.232644,DELIVER,97,,,,100352,
1.232750,DUP,84,,,,100352,
1.232832,BUFFER,98,,,,100352,held=1
1.232836,DELIVER,98,,,,101376,
1.232967,BUFFER,99,,,,101376,held=1
1.232970,DELIVER,99,,,,102400,
1.247128,BUFFER,100,,,,102400,held=1
1.247141,DELIVER,100,,,,103424,
1.249686,BUFFER,101,,,,103424,held=1
1.249691,DELIVER,101,,,,104448,
1.256048,BUFFER,102,,,,104448,held=1
1.256054,DELIVER,102,,,,105472,
1.268434,BUFFER,103,,,,105472,held=1
1.268441,DELIVER,103,,,,106496,
1.271187,BUFFER,104,,,,106496,held=1
1.271193,DELIVER,104,,,,107520,
1.276088,BUFFER,105,,,,107520,held=1
1.276094,DELIVER,105,,,,108544,
1.277153,BUFFER,106,,,,108544,held=1
1.277156,DELIVER,106,,,,109568,
1.279311,BUFFER,107,,,,109568,held=1
1.279315,DELIVER,107,,,,110592,
1.279386,BUFFER,108,,,,110592,held=1
1.279388,DELIVER,108,,,,111616,
1.281965,BUFFER,109,,,,111616,held=1
1.281971,DELIVER,109,,,,112640,
1.282048,BUFFER,110,,,,112640,held=1
1.282050,DELIVER,110,,,,113664,
1.282123,BUFFER,111,,,,113664,held=1
1.282126,DELIVER,111,,,,114688,
1.282199,BUFFER,112,,,,114688,held=1
1.282205,DELIVER,112,,,,115712,
1.290738,BUFFER,113,,,,115712,held=1
1.290748,DELIVER,113,,,,116736,
1.300151,BUFFER,114,,,,116736,held=1
1.300162,DELIVER,114,,,,117760,
1.300420,BUFFER,115,,,,117760,held=1
1.300432,DELIVER,115,,,,118784,
1.312456,BUFFER,116,,,,118784,held=1
1.312463,DELIVER,116,,,,119808,
1.312625,BUFFER,117,,,,119808,held=1
1.312629,DELIVER,117,,,,120832,
1.319025,BUFFER,118,,,,120832,held=1
1.319030,DELIVER,118,,,,121856,
1.323914,BUFFER,119,,,,121856,held=1
1.323919,DELIVER,119,,,,122880,
1.325736,BUFFER,120,,,,122880,held=1
1.325741,DELIVER,120,,,,123904,
1.325894,BUFFER,121,,,,123904,held=1
1.325900,DELIVER,121,,,,124928,
1.326038,BUFFER,122,,,,124928,held=1
1.326043,DELIVER,122,,,,125952,
1.330961,BUFFER,123,,,,125952,held=1
1.330966,DELIVER,123,,,,126976,
1.331109,BUFFER,124,,,,126976,held=1
1.331115,DELIVER,124,,,,128000,
1.331247,BUFFER,125,,,,128000,held=1
1.331251,DELIVER,125,,,,129024,
1.331373,BUFFER,126,,,,129024,held=1
1.331376,DELIVER,126,,,,130048,
1.334892,BUFFER,127,,,,130048,held=1
1.334898,DELIVER,127,,,,131072,
1.346841,BUFFER,128,,,,131072,held=1
1.346972,DELIVER,128,,,,132096,
1.347202,BUFFER,129,,,,132096,held=1
1.347210,DELIVER,129,,,,133120,
1.353034,BUFFER,130,,,,133120,held=1
1.353060,DELIVER,130,,,,134144,
1.358311,BUFFER,131,,,,134144,held=1
1.358334,DELIVER,131,,,,135168,
1.366938,BUFFER,132,,,,135168,held=1
1.366979,DELIVER,132,,,,136192,
1.367240,BUFFER,133,,,,136192,held=1
1.367248,DELIVER,133,,,,137216,
1.367492,BUFFER,134,,,,137216,held=1
1.367499,DELIVER,134,,,,138240,
1.373061,BUFFER,135,,,,138240,held=1
1.373078,DELIVER,135,,,,139264,
1.373331,BUFFER,136,,,,139264,held=1
1.373344,DELIVER,136,,,,140288,
1.380746,DUP,123,,,,140288,
1.381107,BUFFER,137,,,,140288,held=1
1.381129,DELIVER,137,,,,141312,
1.381535,BUFFER,138,,,,141312,held=1
1.381549,DELIVER,138,,,,142336,
1.381781,BUFFER,139,,,,142336,held=1
1.381789,DELIVER,139,,,,143360,
1.391728,BUFFER,140,,,,143360,held=1
1.391744,DELIVER,140,,,,144384,
1.392210,BUFFER,141,,,,144384,held=1
1.392222,DELIVER,141,,,,145408,
1.399446,BUFFER,142,,,,145408,held=1
1.399468,DELIVER,142,,,,146432,
1.399781,BUFFER,143,,,,146432,held=1
1.399794,DELIVER,143,,,,147456,
1.409259,BUFFER,144,,,,147456,held=1
1.409283,DELIVER,144,,,,148480,
1.419665,BUFFER,145,,,,148480,held=1
1.419684,DELIVER,145,,,,149504,
1.420262,BUFFER,146,,,,149504,held=1
1.420275,DELIVER,146,,,,150528,
1.420521,BUFFER,147,,,,150528,held=1
1.420530,DELIVER,147,,,,151552,
1.422010,BUFFER,148,,,,151552,held=1
1.422030,DELIVER,148,,,,152576,
1.422367,BUFFER,149,,,,152576,held=1
1.422378,DELIVER,149,,,,153600,
1.422700,BUFFER,150,,,,153600,held=1
1.422711,DELIVER,150,,,,154624,
1.423376,BUFFER,151,,,,154624,held=1
1.423386,DELIVER,151,,,,155648,
1.426981,BUFFER,152,,,,155648,held=1
1.426996,DELIVER,152,,,,156672,
1.427372,BUFFER,153,,,,156672,held=1
1.427412,DELIVER,153,,,,157696,
1.439583,BUFFER,154,,,,157696,held=1
1.439604,DELIVER,154,,,,158720,
1.439874,BUFFER,155,,,,158720,held=1
1.439886,DELIVER,155,,,,159744,
1.450870,BUFFER,156,,,,159744,held=1
1.450889,DELIVER,156,,,,160768,
1.451160,BUFFER,157,,,,160768,held=1
1.451168,DELIVER,157,,,,161792,
1.451495,BUFFER,158,,,,161792,held=1
1.451504,DELIVER,158,,,,162816,
1.464233,BUFFER,159,,,,162816,held=1
1.464256,DELIVER,159,,,,163840,
1.469657,BUFFER,160,,,,163840,held=1
1.469683,DELIVER,160,,,,164864,
1.472833,BUFFER,161,,,,164864,held=1
1.472865,DELIVER,161,,,,165888,
1.473388,BUFFER,162,,,,165888,held=1
1.473414,DELIVER,162,,,,166912,
1.473919,BUFFER,163,,,,166912,held=1
1.473932,DELIVER,163,,,,167936,
1.474227,BUFFER,164,,,,167936,held=1
1.474241,DELIVER,164,,,,168960,
1.474565,BUFFER,165,,,,168960,held=1
1.474578,DELIVER,165,,,,169984,
1.474856,BUFFER,166,,,,169984,held=1
1.474867,DELIVER,166,,,,171008,
1.475131,BUFFER,167,,,,171008,held=1
1.475139,DELIVER,167,,,,172032,
1.483360,BUFFER,168,,,,172032,held=1
1.483387,DELIVER,168,,,,173056,
1.489543,BUFFER,169,,,,173056,held=1
1.489571,DELIVER,169,,,,174080,
1.502791,DUP,153,,,,174080,
1.510077,BUFFER,170,,,,174080,held=1
1.510085,DELIVER,170,,,,175104,
1.524843,BUFFER,171,,,,175104,held=1
1.524859,DELIVER,171,,,,176128,
1.525081,BUFFER,172,,,,176128,held=1
1.525090,DELIVER,172,,,,177152,
1.525336,BUFFER,173,,,,177152,held=1
1.525343,DELIVER,173,,,,178176,
1.525567,BUFFER,174,,,,178176,held=1
1.525578,DELIVER,174,,,,179200,
1.525827,BUFFER,175,,,,179200,held=1
1.525835,DELIVER,175,,,,180224,
1.526115,BUFFER,176,,,,180224,held=1
1.526126,DELIVER,176,,,,181248,
1.526408,BUFFER,177,,,,181248,held=1
1.526422,DELIVER,177,,,,182272,
1.526704,BUFFER,178,,,,182272,held=1
1.526716,DELIVER,178,,,,183296,
1.526965,BUFFER,179,,,,183296,held=1
1.526972,DELIVER,179,,,,184320,
1.527181,BUFFER,180,,,,184320,held=1
1.527188,DELIVER,180,,,,185344,
1.540565,BUFFER,181,,,,185344,held=1
1.540576,DELIVER,181,,,,186368,
1.549392,BUFFER,182,,,,186368,held=1
1.549396,DELIVER,182,,,,187392,
1.556883,BUFFER,183,,,,187392,held=1
1.556902,DELIVER,183,,,,188416,
1.571912,BUFFER,184,,,,188416,held=1
1.571924,DELIVER,184,,,,189440,
1.575139,DUP,158,,,,189440,
1.575422,BUFFER,185,,,,189440,held=1
1.575434,DELIVER,185,,,,190464,
1.576864,BUFFER,186,,,,190464,held=1
1.576877,DELIVER,186,,,,191488,
1.577107,BUFFER,187,,,,191488,held=1
1.577115,DELIVER,187,,,,192512,
1.577381,BUFFER,188,,,,192512,held=1
1.577397,DELIVER,188,,,,193536,
1.577754,BUFFER,189,,,,193536,held=1
1.577763,DELIVER,189,,,,194560,
1.577997,BUFFER,190,,,,194560,held=1
1.578006,DELIVER,190,,,,195584,
1.578471,BUFFER,191,,,,195584,held=1
1.578486,DELIVER,191,,,,196608,
1.578712,BUFFER,193,,,,196608,held=1
1.578731,NAK,192,,,,196608,
1.578987,BUFFER,194,,,,196608,held=2
1.590325,BUFFER,195,,,,196608,held=3
1.599752,BUFFER,196,,,,196608,held=4
1.604414,BUFFER,197,,,,196608,held=5
1.622918,BUFFER,198,,,,196608,held=6
1.622998,BUFFER,199,,,,196608,held=7
1.623070,BUFFER,200,,,,196608,held=8
1.623141,BUFFER,201,,,,196608,held=9
1.625641,BUFFER,202,,,,196608,held=10
1.625749,BUFFER,203,,,,196608,held=11
1.625822,BUFFER,204,,,,196608,held=12
1.625895,BUFFER,205,,,,196608,held=13
1.625966,BUFFER,192,,,,196608,held=14
1.625970,DELIVER,192,,,,197632,
1.625972,DELIVER,193,,,,198656,
1.625974,DELIVER,194,,,,199680,
1.625975,DELIVER,195,,,,200704,
1.625977,DELIVER,196,,,,201728,
1.625978,DELIVER,197,,,,202752,
1.625980,DELIVER,198,,,,203776,
1.625982,DELIVER,199,,,,204800,
1.625983,DELIVER,200,,,,205824,
1.625985,DELIVER,201,,,,206848,
1.625986,DELIVER,202,,,,207872,
1.625988,DELIVER,203,,,,208896,
1.625990,DELIVER,204,,,,209920,
1.625991,DELIVER,205,,,,210944,
1.626063,BUFFER,206,,,,210944,held=1
1.626065,DELIVER,206,,,,211968,
1.626135,BUFFER,207,,,,211968,held=1
1.626137,DELIVER,207,,,,212992,
1.639062,DUP,192,,,,212992,
1.640118,BUFFER,208,,,,212992,held=1
1.640132,DELIVER,208,,,,214016,
1.640997,BUFFER,209,,,,214016,held=1
1.641008,DELIVER,209,,,,215040,
1.654288,BUFFER,210,,,,215040,held=1
1.654296,DELIVER,210,,,,216064,
1.674338,BUFFER,211,,,,216064,held=1
1.674357,DELIVER,211,,,,217088,
1.674612,BUFFER,212,,,,217088,held=1
1.674649,DELIVER,212,,,,218112,
1.674768,BUFFER,213,,,,218112,held=1
1.674772,DELIVER,213,,,,219136,
1.674864,BUFFER,214,,,,219136,held=1
1.674866,DELIVER,214,,,,220160,
1.674938,BUFFER,215,,,,220160,held=1
1.674940,DELIVER,215,,,,221184,
1.675012,BUFFER,216,,,,221184,held=1
1.675014,DELIVER,216,,,,222208,
1.675087,BUFFER,217,,,,222208,held=1
1.675088,DELIVER,217,,,,223232,
1.675161,BUFFER,218,,,,223232,held=1
1.675163,DELIVER,218,,,,224256,
1.675234,BUFFER,219,,,,224256,held=1
1.675236,DELIVER,219,,,,225280,
1.679021,BUFFER,220,,,,225280,held=1
1.679029,DELIVER,220,,,,226304,
1.679133,BUFFER,221,,,,226304,held=1
1.679139,DELIVER,221,,,,227328,
1.679248,BUFFER,222,,,,227328,held=1
1.679251,DELIVER,222,,,,228352,
1.686179,BUFFER,223,,,,228352,held=1
1.686190,DELIVER,223,,,,229376,
1.687280,BUFFER,224,,,,229376,held=1
1.687285,DELIVER,224,,,,230400,
1.700343,BUFFER,225,,,,230400,held=1
1.700352,DELIVER,225,,,,231424,
1.727846,BUFFER,226,,,,231424,held=1
1.727862,DELIVER,226,,,,232448,
1.728088,BUFFER,228,,,,232448,held=1
1.728105,NAK,227,,,,232448,
1.728423,BUFFER,229,,,,232448,held=2
1.728613,BUFFER,230,,,,232448,held=3
1.728704,BUFFER,232,,,,232448,held=4
1.728710,NAK,231,,,,232448,
1.728809,BUFFER,233,,,,232448,held=5
1.728908,BUFFER,234,,,,232448,held=6
1.728985,BUFFER,235,,,,232448,held=7
1.729058,BUFFER,236,,,,232448,held=8
1.729129,BUFFER,237,,,,232448,held=9
1.729200,BUFFER,238,,,,232448,held=10
1.730740,BUFFER,239,,,,232448,held=11
1.730814,BUFFER,240,,,,232448,held=12
1.744487,BUFFER,241,,,,232448,held=13
1.771018,BUFFER,242,,,,232448,held=14
1.779452,BUFFER,243,,,,232448,held=15
1.779461,NAK,227,,,,232448,
1.779466,NAK,231,,,,232448,
1.779539,BUFFER,227,,,,232448,held=16
1.779543,DELIVER,227,,,,233472,
1.779545,DELIVER,228,,,,234496,
1.779547,DELIVER,229,,,,235520,
1.779548,DELIVER,230,,,,236544,
1.779618,DUP,227,,,,236544,
1.779690,BUFFER,231,,,,236544,held=13
1.779692,DELIVER,231,,,,237568,
1.779693,DELIVER,232,,,,238592,
1.779695,DELIVER,233,,,,239616,
1.779696,DELIVER,234,,,,240640,
1.779698,DELIVER,235,,,,241664,
1.779699,DELIVER,236,,,,242688,
1.779702,DELIVER,237,,,,243712,
1.779703,DELIVER,238,,,,244736,
1.779705,DELIVER,239,,,,245760,
1.779706,DELIVER,240,,,,246784,
1.779708,DELIVER,241,,,,247808,
1.779709,DELIVER,242,,,,248832,
1.779711,DELIVER,243,,,,249856,
1.779809,BUFFER,244,,,,249856,held=1
1.779814,DELIVER,244,,,,250880,
1.779890,BUFFER,245,,,,250880,held=1
1.779892,DELIVER,245,,,,251904,
1.779964,BUFFER,246,,,,251904,held=1
1.779966,DELIVER,246,,,,252928,
1.780036,BUFFER,247,,,,252928,held=1
1.780038,DELIVER,247,,,,253952,
1.780907,BUFFER,248,,,,253952,held=1
1.780910,DELIVER,248,,,,254976,
1.780988,BUFFER,249,,,,254976,held=1
1.780990,DELIVER,249,,,,256000,
1.781059,BUFFER,250,,,,256000,held=1
1.781061,DELIVER,250,,,,257024,
1.781131,BUFFER,251,,,,257024,held=1
1.781133,DELIVER,251,,,,258048,
1.781216,BUFFER,252,,,,258048,held=1
1.781218,DELIVER,252,,,,259072,
1.782137,BUFFER,253,,,,259072,held=1
1.782143,DELIVER,253,,,,260096,
1.786540,BUFFER,254,,,,260096,held=1
1.786544,DELIVER,254,,,,261120,
1.808433,BUFFER,255,,,,261120,held=1
1.808449,DELIVER,255,,,,262144,
1.837937,DUP,227,,,,262144,
1.838394,DUP,231,,,,262144,
1.862125,FIN,256,,,,262144,"all data delivered, acking FIN"
